amplicon,chromosome,start,end,homopolymer_regions,homopolymer_anchors
PKNH_12_v2_198869_199113_1AB,PKNH_12_v2,198894,199083,TTTTTTT:146-152,145A
Pf3D7_01_v3_145388_145662_1A,Pf3D7_01_v3,145421,145630,AAAAAA:27-32,TTTTTTT:34-40,TTTTTTTT:42-49,TTTTT:97-101,TTTTTT:171-176,TTTTTTT:190-196,26G,33C,41A,96A,170C,189A
Pf3D7_01_v3_162867_163115_1A,Pf3D7_01_v3,162889,163092,TTTTTTTTTT:17-26,AAAAAA:36-41,AAAAAAAA:131-138,TTTTT:144-148,AAAAAA:199-204,16C,35T,130G,143C,198T
Pf3D7_01_v3_181512_181761_1A,Pf3D7_01_v3,181545,181729,TTTTTTT:21-27,AAAAA:47-51,TTTTTT:85-90,TTTTT:142-146,AAAAA:162-166,20C,46C,84A,141A,161T
Pf3D7_01_v3_194742_194973_1B,Pf3D7_01_v3,194764,194942,AAAAA:9-13,AAAAAAA:16-22,AAAAAA:44-49,AAAAAAA:52-58,AAAAA:61-65,AAAAA:88-92,AAAAA:97-101,AAAAAA:114-119,AAAAA:126-130,AAAAA:165-169,8T,15G,43G,51G,60G,87G,96G,113C,125T,164T
Pf3D7_01_v3_455794_456054_1A,Pf3D7_01_v3,455827,456021,AAAAAAAA:4-11,AAAAA:36-40,TTTTT:53-57,AAAAA:70-74,TTTTT:101-105,AAAAAAA:107-113,3G,35T,52A,69T,100G,106C
Pf3D7_01_v3_528859_529104_1A,Pf3D7_01_v3,528890,529073,TTTTT:10-14,AAAAA:19-23,AAAAA:61-65,AAAAA:120-124,9C,18G,60C,119T
Pf3D7_01_v3_535965_536239_1A,Pf3D7_01_v3,535995,536206,AAAAA:34-38,TTTTTT:48-53,AAAAA:147-151,AAAAAA:174-179,33T,47A,146T,173T
Pf3D7_02_v3_290580_290821_1A,Pf3D7_02_v3,290611,290789,TTTTT:74-78,73G
Pf3D7_02_v3_291770_292017_1A,Pf3D7_02_v3,291802,291984,TTTTTT:103-108,102A
Pf3D7_02_v3_320652_320949_2,Pf3D7_02_v3,320676,320924,TTTTT:194-198,TTTTT:227-231,193C,226C
Pf3D7_02_v3_470437_470709_1A,Pf3D7_02_v3,470470,470676,AAAAAAAAAA:35-44,AAAAA:60-64,AAAAA:71-75,TTTTT:97-101,AAAAAA:124-129,TTTTTT:160-165,TTTTTT:185-190,34G,59C,70T,96A,123T,159C,184C
Pf3D7_02_v3_503040_503288_1A,Pf3D7_02_v3,503072,503260,TTTTT:128-132,TTTTT:148-152,TTTTTT:157-162,127C,147C,156A
Pf3D7_02_v3_628941_629172_1A,Pf3D7_02_v3,628974,629143,TTTTTTT:4-10,TTTTT:14-18,TTTTTT:36-41,TTTTTTTTT:104-112,TTTTT:120-124,3C,13A,35A,103A,119A
Pf3D7_02_v3_630641_630907_1A,Pf3D7_02_v3,630674,630874,TTTTTT:24-29,23A
Pf3D7_03_v3_85507_85756_1A,Pf3D7_03_v3,85540,85723,TTTTT:18-22,TTTTT:37-41,AAAAA:89-93,17C,36A,88T
Pf3D7_03_v3_221185_221419_1B,Pf3D7_03_v3,221218,221388,AAAAA:29-33,AAAAAAA:45-51,TTTTT:62-66,28G,44G,61A
Pf3D7_03_v3_221295_221532_2,Pf3D7_03_v3,221328,221511,TTTTT:71-75,TTTTTTTTT:88-96,70A,87A
Pf3D7_03_v3_221463_221712_1B,Pf3D7_03_v3,221485,221679,TTTTTT:119-124,118A
Pf3D7_03_v3_240957_241256_2,Pf3D7_03_v3,240990,241224,AAAAAAAAA:17-25,TTTTT:92-96,TTTTT:125-129,TTTTTT:142-147,TTTTT:173-177,TTTTTTTTTTTTTTTTTTTTTTTTTTTTT:205-233,16C,91A,124A,141G,172G,204C
Pf3D7_03_v3_515418_515657_1A,Pf3D7_03_v3,515441,515629,TTTTT:124-128,123A
Pf3D7_03_v3_653961_654206_1A,Pf3D7_03_v3,653994,654177,TTTTT:13-17,TTTTTTT:37-43,TTTTTTTTTTT:51-61,TTTTT:92-96,TTTTT:112-116,12A,36A,50A,91C,111C
Pf3D7_03_v3_855426_855697_1A,Pf3D7_03_v3,855456,855664,NA,NA
Pf3D7_03_v3_891553_891827_1A,Pf3D7_03_v3,891586,891794,TTTTT:57-61,TTTTT:200-204,56G,199G
Pf3D7_03_v3_980765_980997_1B,Pf3D7_03_v3,980797,980964,TTTTTTTT:1-8,TTTTT:37-41,0,36A
Pf3D7_03_v3_980853_981120_2,Pf3D7_03_v3,980886,981092,TTTTT:164-168,163A
Pf3D7_03_v3_981574_981823_1B,Pf3D7_03_v3,981607,981797,TTTTT:52-56,51A
Pf3D7_03_v3_981921_982191_1B,Pf3D7_03_v3,981946,982163,AAAAA:41-45,AAAAA:126-130,40C,125C
Pf3D7_03_v3_982299_982523_1B,Pf3D7_03_v3,982332,982491,NA,NA
Pf3D7_04_v3_109939_110184_1A,Pf3D7_04_v3,109962,110151,AAAAA:29-33,TTTTT:62-66,AAAAA:131-135,TTTTTT:154-159,28G,61A,130G,153G
Pf3D7_04_v3_115455_115684_1A,Pf3D7_04_v3,115484,115652,TTTTT:18-22,TTTTT:37-41,TTTTTT:43-48,TTTTTTTT:76-83,TTTTT:112-116,17G,36A,42A,75C,111A
Pf3D7_04_v3_133581_133830_1A,Pf3D7_04_v3,133613,133801,NA,NA
Pf3D7_04_v3_133928_134154_1A,Pf3D7_04_v3,133961,134121,TTTTT:1-5,TTTTT:31-35,0,30C
Pf3D7_04_v3_140317_140548_1A,Pf3D7_04_v3,140350,140516,AAAAA:38-42,AAAAA:71-75,AAAAAA:88-93,AAAAA:154-158,37G,70C,87T,153T
Pf3D7_04_v3_141741_141990_1A,Pf3D7_04_v3,141762,141957,AAAAAA:68-73,AAAAA:83-87,AAAAAA:123-128,67T,82T,122T
Pf3D7_04_v3_284121_284364_1A,Pf3D7_04_v3,284154,284333,TTTTT:134-138,133C
Pf3D7_04_v3_316593_316858_1A,Pf3D7_04_v3,316624,316825,TTTTTT:9-14,TTTTTT:153-158,TTTTTT:175-180,8A,152A,174A
Pf3D7_04_v3_544454_544718_1A,Pf3D7_04_v3,544487,544685,AAAAAA:35-40,34T
Pf3D7_04_v3_648065_648332_1A,Pf3D7_04_v3,648097,648299,TTTTT:62-66,61A
Pf3D7_04_v3_748105_748359_1B,Pf3D7_04_v3,748129,748326,AAAAA:26-30,AAAAAAAA:38-45,TTTTT:51-55,TTTTT:130-134,AAAAA:171-175,25C,37G,50G,129A,170G
Pf3D7_04_v3_748374_748611_1B,Pf3D7_04_v3,748407,748581,AAAAAAA:20-26,AAAAAAA:74-80,19C,73T
Pf3D7_04_v3_748585_748822_2,Pf3D7_04_v3,748618,748789,AAAAAAAA:7-14,TTTTTT:56-61,6T,55A
Pf3D7_04_v3_900526_900759_1A,Pf3D7_04_v3,900559,900729,NA,NA
Pf3D7_04_v3_1005938_1006187_1A,Pf3D7_04_v3,1005971,1006155,TTTTTTT:71-77,TTTTTTTTT:146-154,TTTTT:173-177,70C,145A,172A
Pf3D7_04_v3_1037644_1037891_1A,Pf3D7_04_v3,1037677,1037859,TTTTT:30-34,AAAAA:60-64,AAAAAAA:95-101,AAAAAA:122-127,AAAAA:157-161,29A,59G,94T,121C,156T
Pf3D7_04_v3_1077327_1077562_1B,Pf3D7_04_v3,1077360,1077536,TTTTTTT:1-7,AAAAA:39-43,AAAAA:85-89,0,38G,84T
Pf3D7_04_v3_1082776_1083049_1B,Pf3D7_04_v3,1082809,1083016,TTTTTT:12-17,AAAAA:116-120,TTTTT:135-139,TTTTTT:177-182,TTTTTTTTTTTT:197-208,11G,115C,134A,176G,196A
Pf3D7_04_v3_1083095_1083331_1B,Pf3D7_04_v3,1083127,1083298,TTTTTTT:107-113,106A
Pf3D7_04_v3_1083299_1083563_2,Pf3D7_04_v3,1083332,1083530,AAAAAA:68-73,TTTTT:112-116,AAAAAA:179-184,TTTTT:191-195,67T,111C,178T,190A
Pf3D7_04_v3_1083411_1083668_1B,Pf3D7_04_v3,1083443,1083635,TTTTT:1-5,AAAAAA:68-73,TTTTT:80-84,TTTTT:95-99,TTTTT:113-117,TTTTTTT:125-131,TTTTTTT:175-181,0,67T,79A,94A,112A,124A,174A
Pf3D7_04_v3_1113397_1113639_1A,Pf3D7_04_v3,1113422,1113612,TTTTTT:49-54,TTTTTTTTT:97-105,48C,96A
Pf3D7_05_v3_213027_213251_1A,Pf3D7_05_v3,213060,213219,NA,NA
Pf3D7_05_v3_350808_351052_1A,Pf3D7_05_v3,350841,351019,TTTTTT:34-39,TTTTT:82-86,TTTTT:130-134,TTTTT:139-143,33A,81A,129A,138A
Pf3D7_05_v3_369676_369949_1A,Pf3D7_05_v3,369706,369916,AAAAAA:50-55,AAAAAAAAA:64-72,AAAAA:113-117,AAAAAAAAAA:143-152,AAAAA:157-161,TTTTT:204-208,49G,63T,112G,142G,156G,203A
Pf3D7_05_v3_395887_396136_1A,Pf3D7_05_v3,395920,396103,TTTTTT:17-22,TTTTT:35-39,TTTTT:110-114,16G,34C,109G
Pf3D7_05_v3_550803_551072_1A,Pf3D7_05_v3,550835,551043,TTTTT:39-43,TTTTTT:109-114,38A,108A
Pf3D7_05_v3_615379_615678_2,Pf3D7_05_v3,615412,615646,TTTTT:85-89,AAAAA:119-123,TTTTT:152-156,TTTTTTT:191-197,AAAAAAAA:198-205,84G,118C,151A,190A,197T
Pf3D7_05_v3_641131_641404_1A,Pf3D7_05_v3,641163,641373,TTTTTTTTTT:6-15,TTTTTT:25-30,AAAAA:75-79,TTTTT:88-92,AAAAA:152-156,TTTTTTT:190-196,5A,24A,74G,87C,151T,189C
Pf3D7_05_v3_668763_669004_1A,Pf3D7_05_v3,668788,668979,AAAAA:106-110,105T
Pf3D7_05_v3_796518_796759_1A,Pf3D7_05_v3,796551,796728,AAAAAA:121-126,120C
Pf3D7_05_v3_958079_958350_1B,Pf3D7_05_v3,958106,958317,TTTTTT:1-6,AAAAA:147-151,AAAAA:156-160,TTTTTT:188-193,0,146C,155T,187G
Pf3D7_05_v3_958372_958608_1B,Pf3D7_05_v3,958395,958580,TTTTT:13-17,TTTTT:33-37,AAAAAA:62-67,TTTTT:97-101,AAAAAAA:153-159,12A,32C,61T,96G,152T
Pf3D7_05_v3_958920_959168_1B,Pf3D7_05_v3,958953,959135,AAAAAAA:63-69,AAAAA:78-82,62T,77T
Pf3D7_05_v3_960810_961048_1B,Pf3D7_05_v3,960842,961021,AAAAA:77-81,AAAAA:94-98,AAAAAA:107-112,76G,93T,106C
Pf3D7_05_v3_961511_961758_1B,Pf3D7_05_v3,961544,961730,NA,NA
Pf3D7_05_v3_1188456_1188706_1A,Pf3D7_05_v3,1188489,1188673,AAAAA:102-106,TTTTT:155-159,101T,154G
Pf3D7_05_v3_1322099_1322341_1A,Pf3D7_05_v3,1322132,1322313,AAAAA:91-95,TTTTT:98-102,TTTTT:158-162,TTTTT:164-168,90T,97A,157A,163G
Pf3D7_06_v3_145285_145531_1A,Pf3D7_06_v3,145318,145502,TTTTT:61-65,TTTTTT:74-79,TTTTT:128-132,TTTTT:173-177,60A,73C,127C,172A
Pf3D7_06_v3_176108_176338_1A,Pf3D7_06_v3,176139,176305,TTTTT:84-88,83A
Pf3D7_06_v3_416462_416720_1A,Pf3D7_06_v3,416487,416688,AAAAAA:5-10,AAAAAA:30-35,AAAAAA:47-52,AAAAAAAAAA:131-140,AAAAAAAAA:190-198,4G,29T,46G,130G,189G
Pf3D7_06_v3_532166_532407_1A,Pf3D7_06_v3,532195,532380,AAAAAA:35-40,AAAAA:103-107,34C,102G
Pf3D7_06_v3_851492_851765_1A,Pf3D7_06_v3,851516,851740,TTTTTT:41-46,TTTTT:139-143,40A,138C
Pf3D7_06_v3_857454_857753_2,Pf3D7_06_v3,857487,857720,TTTTT:37-41,TTTTT:156-160,36A,155C
Pf3D7_06_v3_1115900_1116168_1A,Pf3D7_06_v3,1115932,1116136,TTTTTT:3-8,TTTTTTT:38-44,TTTTT:81-85,TTTTTTTTTT:164-173,TTTTT:175-179,2A,37C,80A,163A,174G
Pf3D7_06_v3_1128558_1128797_1A,Pf3D7_06_v3,1128591,1128771,TTTTT:40-44,TTTTT:136-140,TTTTTT:176-181,39G,135A,175A
Pf3D7_06_v3_1135605_1135855_1A,Pf3D7_06_v3,1135638,1135827,NA,NA
Pf3D7_06_v3_1136091_1136364_1A,Pf3D7_06_v3,1136122,1136332,TTTTT:7-11,TTTTT:123-127,TTTTT:173-177,TTTTT:190-194,TTTTTTTTT:203-211,6A,122C,172C,189A,202A
Pf3D7_06_v3_1140900_1141174_1A,Pf3D7_06_v3,1140925,1141141,AAAAA:46-50,45G
Pf3D7_06_v3_1192628_1192867_1A,Pf3D7_06_v3,1192660,1192836,AAAAA:74-78,TTTTTTT:157-163,AAAAA:167-171,73G,156A,166C
Pf3D7_06_v3_1197245_1197515_1A,Pf3D7_06_v3,1197278,1197483,AAAAA:9-13,8G
Pf3D7_06_v3_1214815_1215069_1B,Pf3D7_06_v3,1214846,1215036,AAAAA:100-104,99G
Pf3D7_06_v3_1215236_1215502_1B,Pf3D7_06_v3,1215268,1215479,TTTTTT:26-31,AAAAAA:156-161,AAAAAA:176-181,AAAAA:205-209,25C,155G,175T,204T
Pf3D7_06_v3_1215495_1215756_1B,Pf3D7_06_v3,1215516,1215727,TTTTT:25-29,TTTTTTTT:114-121,TTTTTTTTT:128-136,TTTTTTTT:138-145,TTTTTT:179-184,24C,113A,127C,137C,178A
Pf3D7_06_v3_1235395_1235658_1A,Pf3D7_06_v3,1235428,1235625,AAAAA:32-36,TTTTTT:58-63,AAAAAA:67-72,TTTTT:157-161,31T,57A,66T,156A
Pf3D7_06_v3_1282656_1282930_1A,Pf3D7_06_v3,1282688,1282898,AAAAA:180-184,AAAAA:200-204,179C,199G
Pf3D7_07_v3_105172_105442_1A,Pf3D7_07_v3,105201,105414,TTTTT:100-104,99G
Pf3D7_07_v3_403479_403716_1B,Pf3D7_07_v3,403500,403683,TTTTT:51-55,TTTTT:75-79,TTTTT:129-133,50A,74A,128A
Pf3D7_07_v3_403487_403750_2,Pf3D7_07_v3,403508,403717,TTTTT:43-47,TTTTT:67-71,TTTTT:121-125,42A,66A,120A
Pf3D7_07_v3_403801_404052_1B,Pf3D7_07_v3,403834,404021,TTTTT:98-102,TTTTTT:132-137,97C,131A
Pf3D7_07_v3_404325_404590_1B,Pf3D7_07_v3,404358,404564,TTTTT:147-151,TTTTTTTTTTTTTTTTT:178-194,TTTTTTTT:200-207,146G,177A,199C
Pf3D7_07_v3_404776_405006_1B,Pf3D7_07_v3,404809,404981,TTTTT:19-23,AAAAAA:52-57,TTTTT:121-125,AAAAAA:162-167,18A,51G,120C,161T
Pf3D7_07_v3_405334_405576_1B,Pf3D7_07_v3,405358,405543,AAAAA:42-46,AAAAA:52-56,TTTTT:156-160,TTTTT:173-177,41T,51G,155A,172C
Pf3D7_07_v3_405517_405773_2,Pf3D7_07_v3,405550,405743,AAAAA:92-96,TTTTTT:148-153,TTTTTTTTTTTTTT:164-177,91T,147A,163G
Pf3D7_07_v3_405570_405844_1B,Pf3D7_07_v3,405598,405815,AAAAA:44-48,TTTTTT:100-105,TTTTTTTTTTTTTT:116-129,TTTTT:206-210,TTTTT:213-217,43T,99A,115G,205A,212C
Pf3D7_07_v3_432832_433091_1A,Pf3D7_07_v3,432856,433064,AAAAA:5-9,TTTTT:107-111,TTTTTTT:190-196,4G,106A,189A
Pf3D7_07_v3_475313_475545_1A,Pf3D7_07_v3,475344,475512,AAAAAA:17-22,AAAAA:114-118,16C,113C
Pf3D7_07_v3_627351_627625_1A,Pf3D7_07_v3,627382,627592,TTTTT:149-153,148A
Pf3D7_07_v3_717260_717493_1A,Pf3D7_07_v3,717293,717461,TTTTTT:10-15,AAAAAAAAA:40-48,AAAAA:151-155,TTTTTT:156-161,9C,39C,150G,155A
Pf3D7_07_v3_729480_729750_1A,Pf3D7_07_v3,729508,729725,TTTTT:105-109,AAAAA:137-141,TTTTT:186-190,TTTTT:198-202,104G,136T,185A,197A
Pf3D7_07_v3_896613_896849_1B,Pf3D7_07_v3,896646,896816,AAAAAA:8-13,AAAAA:40-44,AAAAA:62-66,AAAAAAA:73-79,TTTTTT:86-91,AAAAAA:145-150,7G,39T,61T,72G,85C,144T
Pf3D7_07_v3_1028330_1028603_1A,Pf3D7_07_v3,1028362,1028570,TTTTT:11-15,TTTTTT:57-62,TTTTTT:179-184,10A,56A,178C
Pf3D7_07_v3_1043981_1044225_1A,Pf3D7_07_v3,1044012,1044195,TTTTTT:38-43,TTTTT:83-87,TTTTT:120-124,TTTTT:136-140,37C,82A,119C,135C
Pf3D7_07_v3_1066661_1066903_1A,Pf3D7_07_v3,1066694,1066879,TTTTTTT:43-49,AAAAAA:77-82,AAAAAA:88-93,AAAAA:160-164,42A,76G,87T,159T
Pf3D7_07_v3_1149367_1149613_1A,Pf3D7_07_v3,1149399,1149585,TTTTT:30-34,TTTTT:73-77,TTTTT:137-141,29A,72G,136G
Pf3D7_08_v3_102277_102527_1A,Pf3D7_08_v3,102309,102500,TTTTT:40-44,AAAAA:96-100,AAAAA:160-164,39A,95C,159T
Pf3D7_08_v3_336421_336651_1A,Pf3D7_08_v3,336454,336618,AAAAA:27-31,AAAAAA:53-58,TTTTTT:107-112,26G,52T,106G
Pf3D7_08_v3_399693_399961_1A,Pf3D7_08_v3,399719,399934,TTTTT:128-132,TTTTTT:149-154,TTTTT:186-190,TTTTT:201-205,127C,148C,185A,200A
Pf3D7_08_v3_412801_413062_1A,Pf3D7_08_v3,412834,413029,TTTTT:38-42,AAAAAAA:48-54,AAAAAA:60-65,37A,47T,59T
Pf3D7_08_v3_476232_476475_1A,Pf3D7_08_v3,476265,476442,TTTTT:34-38,AAAAA:66-70,AAAAA:75-79,AAAAAA:87-92,TTTTT:124-128,33A,65G,74G,86C,123A
Pf3D7_08_v3_549583_549807_1B,Pf3D7_08_v3,549610,549776,AAAAA:98-102,AAAAA:145-149,97C,144C
Pf3D7_08_v3_549960_550215_1B,Pf3D7_08_v3,549989,550182,AAAAAA:40-45,39T
Pf3D7_08_v3_550057_550318_2,Pf3D7_08_v3,550090,550294,TTTTT:91-95,AAAAA:110-114,AAAAA:166-170,AAAAA:198-202,90C,109G,165C,197T
Pf3D7_08_v3_585331_585590_1A,Pf3D7_08_v3,585364,585562,TTTTT:131-135,AAAAAAA:140-146,130A,139T
Pf3D7_08_v3_585703_585949_1A,Pf3D7_08_v3,585736,585916,NA,NA
Pf3D7_08_v3_585993_586266_1A,Pf3D7_08_v3,586025,586233,AAAAA:122-126,TTTTTTTT:173-180,121T,172C
Pf3D7_08_v3_1056678_1056903_1A,Pf3D7_08_v3,1056703,1056878,TTTTT:39-43,38A
Pf3D7_08_v3_1099719_1099977_1A,Pf3D7_08_v3,1099751,1099944,AAAAAAA:1-7,AAAAAA:9-14,AAAAAA:56-61,AAAAA:91-95,AAAAA:108-112,TTTTT:150-154,0,8T,55T,90C,107C,149G
Pf3D7_08_v3_1176313_1176549_1A,Pf3D7_08_v3,1176346,1176524,AAAAAAA:76-82,75C
Pf3D7_08_v3_1313088_1313338_1A,Pf3D7_08_v3,1313120,1313308,AAAAA:25-29,AAAAAA:33-38,AAAAA:72-76,TTTTTT:113-118,AAAAAA:143-148,TTTTT:149-153,AAAAAA:166-171,24G,32G,71G,112C,142G,148A,165C
Pf3D7_08_v3_1314717_1314986_1A,Pf3D7_08_v3,1314744,1314953,AAAAAA:4-9,AAAAAA:11-16,AAAAA:83-87,AAAAAAA:127-133,AAAAAAA:147-153,AAAAA:184-188,3T,10G,82T,126T,146G,183T
Pf3D7_08_v3_1344618_1344845_1A,Pf3D7_08_v3,1344651,1344813,TTTTT:99-103,TTTTT:145-149,98A,144A
Pf3D7_08_v3_1365709_1365954_1B,Pf3D7_08_v3,1365742,1365924,TTTTT:21-25,TTTTT:72-76,TTTTT:101-105,20G,71A,100A
Pf3D7_08_v3_1365750_1365999_2,Pf3D7_08_v3,1365783,1365968,TTTTT:31-35,TTTTT:60-64,30A,59A
Pf3D7_08_v3_1366575_1366822_2,Pf3D7_08_v3,1366600,1366795,TTTTT:8-12,TTTTT:48-52,TTTTTTTTTTT:72-82,AAAAA:167-171,7C,47A,71A,166C
Pf3D7_08_v3_1366626_1366856_1B,Pf3D7_08_v3,1366659,1366823,TTTTTTTTTTT:13-23,AAAAA:108-112,12A,107C
Pf3D7_08_v3_1370603_1370853_1B,Pf3D7_08_v3,1370633,1370825,AAAAAAAAAAAAAA:12-25,AAAAAAAAA:33-41,TTTTTTT:51-57,11T,32T,50A
Pf3D7_08_v3_1370814_1371045_2,Pf3D7_08_v3,1370847,1371012,AAAAAA:19-24,AAAAAAAAAA:95-104,GGGGGGGGG:105-113,18T,94T,104A
Pf3D7_08_v3_1375025_1375284_1B,Pf3D7_08_v3,1375057,1375259,AAAAA:35-39,AAAAAA:41-46,AAAAA:53-57,AAAAAA:60-65,TTTTT:124-128,AAAAA:199-203,34T,40T,52T,59G,123A,198C
Pf3D7_08_v3_1375205_1375450_2,Pf3D7_08_v3,1375238,1375418,AAAAA:18-22,TTTTTT:43-48,TTTTT:62-66,AAAAA:88-92,AAAAA:104-108,TTTTTT:161-166,AAAAAAA:175-181,17C,42A,61A,87G,103C,160A,174C
Pf3D7_08_v3_1386786_1387035_2,Pf3D7_08_v3,1386817,1387005,AAAAAAAA:68-75,67T
Pf3D7_08_v3_1386795_1387043_1B,Pf3D7_08_v3,1386822,1387013,AAAAAAAA:63-70,62T
Pf3D7_09_v3_82006_82236_1A,Pf3D7_09_v3,82034,82203,AAAAA:161-165,160T
Pf3D7_09_v3_163813_164052_1A,Pf3D7_09_v3,163846,164021,NA,NA
Pf3D7_09_v3_164045_164311_1A,Pf3D7_09_v3,164075,164287,NA,NA
Pf3D7_09_v3_202854_203106_1A,Pf3D7_09_v3,202887,203076,TTTTTT:48-53,TTTTTT:68-73,47A,67G
Pf3D7_09_v3_270915_271160_1A,Pf3D7_09_v3,270942,271136,TTTTTT:182-187,181G
Pf3D7_09_v3_516735_517007_1A,Pf3D7_09_v3,516767,516980,AAAAAA:16-21,TTTTT:73-77,AAAAA:148-152,15T,72A,147C
Pf3D7_09_v3_595828_596094_1A,Pf3D7_09_v3,595861,596063,TTTTTT:6-11,TTTTT:41-45,TTTTTT:52-57,TTTTTT:136-141,5A,40C,51A,135A
Pf3D7_09_v3_685560_685825_1A,Pf3D7_09_v3,685588,685792,TTTTTT:32-37,TTTTT:41-45,AAAAAAAA:150-157,AAAAAAAAA:167-175,31A,40A,149C,166T
Pf3D7_09_v3_1015103_1015350_1A,Pf3D7_09_v3,1015131,1015317,TTTTT:11-15,TTTTT:27-31,TTTTTT:36-41,AAAAA:96-100,10A,26A,35A,95C
Pf3D7_09_v3_1406342_1406614_1A,Pf3D7_09_v3,1406372,1406581,NA,NA
Pf3D7_10_v3_490605_490877_1B,Pf3D7_10_v3,490638,490844,AAAAA:26-30,AAAAA:93-97,AAAAAAA:126-132,AAAAA:155-159,AAAAA:164-168,AAAAA:173-177,AAAAA:182-186,AAAAA:191-195,AAAAA:203-207,25T,92C,125G,154T,163T,172T,181T,190T,202T
Pf3D7_10_v3_992331_992603_1A,Pf3D7_10_v3,992363,992570,TTTTT:10-14,AAAAAAAAAAA:15-25,AAAAAAA:154-160,AAAAA:195-199,9A,14T,153G,194G
Pf3D7_10_v3_992596_992869_1A,Pf3D7_10_v3,992622,992836,AAAAA:41-45,AAAAAAAAAA:135-144,TTTTTT:162-167,40T,134G,161G
Pf3D7_10_v3_1386657_1386909_1A,Pf3D7_10_v3,1386690,1386876,NA,NA
Pf3D7_10_v3_1392371_1392620_1A,Pf3D7_10_v3,1392400,1392588,AAAAAAA:108-114,AAAAA:123-127,AAAAA:139-143,107T,122G,138G
Pf3D7_10_v3_1414337_1414596_1A,Pf3D7_10_v3,1414370,1414565,AAAAA:35-39,AAAAAA:41-46,AAAAA:80-84,34G,40G,79G
Pf3D7_10_v3_1414599_1414832_1A,Pf3D7_10_v3,1414631,1414799,NA,NA
Pf3D7_11_v3_115913_116184_1A,Pf3D7_11_v3,115946,116151,TTTTT:64-68,TTTTT:84-88,AAAAA:108-112,AAAAAA:126-131,63G,83A,107G,125C
Pf3D7_11_v3_119432_119705_1A,Pf3D7_11_v3,119464,119672,TTTTT:45-49,TTTTT:88-92,TTTTT:163-167,44G,87C,162A
Pf3D7_11_v3_408285_408534_1A,Pf3D7_11_v3,408317,408504,AAAAAAA:72-78,AAAAA:115-119,AAAAA:166-170,71G,114C,165T
Pf3D7_11_v3_408543_408771_1A,Pf3D7_11_v3,408573,408747,AAAAA:43-47,AAAAAAA:56-62,AAAAA:157-161,42C,55G,156T
Pf3D7_11_v3_497277_497548_1A,Pf3D7_11_v3,497307,497519,TTTTT:1-5,TTTTT:25-29,AAAAAAAAA:76-84,AAAAAAA:92-98,AAAAA:100-104,AAAAA:118-122,AAAAA:203-207,0,24A,75C,91C,99T,117T,202G
Pf3D7_11_v3_1006693_1006917_1A,Pf3D7_11_v3,1006726,1006893,GGGGG:4-8,TTTTTTTT:120-127,3T,119C
Pf3D7_11_v3_1018781_1019053_1A,Pf3D7_11_v3,1018814,1019021,TTTTTT:1-6,AAAAAAA:62-68,TTTTT:155-159,0,61C,154A
Pf3D7_11_v3_1019050_1019319_1A,Pf3D7_11_v3,1019079,1019287,TTTTT:51-55,TTTTT:183-187,50C,182A
Pf3D7_11_v3_1127074_1127316_1A,Pf3D7_11_v3,1127104,1127294,TTTTT:44-48,AAAAA:100-104,AAAAA:145-149,TTTTTT:162-167,43G,99T,144C,161A
Pf3D7_11_v3_1293919_1294168_1A,Pf3D7_11_v3,1293944,1294136,NA,NA
Pf3D7_11_v3_1294284_1294580_1B,Pf3D7_11_v3,1294306,1294547,TTTTTT:42-47,TTTTT:150-154,AAAAAA:174-179,AAAAA:238-242,41C,149A,173T,237T
Pf3D7_11_v3_1294664_1294910_1A,Pf3D7_11_v3,1294691,1294888,AAAAA:61-65,TTTTT:166-170,TTTTT:187-191,60G,165C,186G
Pf3D7_11_v3_1295103_1295335_1A,Pf3D7_11_v3,1295136,1295311,AAAAAAA:134-140,TTTTT:156-160,133T,155A
Pf3D7_11_v3_1295371_1295597_1A,Pf3D7_11_v3,1295398,1295564,NA,NA
Pf3D7_11_v3_1374917_1375148_1A,Pf3D7_11_v3,1374947,1375115,TTTTTT:1-6,0
Pf3D7_11_v3_1375807_1376056_1A,Pf3D7_11_v3,1375840,1376024,TTTTTTTT:22-29,AAAAAAA:142-148,21A,141T
Pf3D7_11_v3_1376058_1376305_1A,Pf3D7_11_v3,1376087,1376276,AAAAA:92-96,TTTTT:141-145,91G,140G
Pf3D7_11_v3_1816152_1816378_1A,Pf3D7_11_v3,1816179,1816346,TTTTT:94-98,93A
Pf3D7_11_v3_1902034_1902278_1B,Pf3D7_11_v3,1902065,1902257,TTTTT:50-54,AAAAAA:68-73,TTTTT:151-155,49G,67C,150A
Pf3D7_11_v3_1902041_1902278_2,Pf3D7_11_v3,1902071,1902253,TTTTT:44-48,AAAAAA:62-67,TTTTT:145-149,43G,61C,144A
Pf3D7_11_v3_1934962_1935236_1A,Pf3D7_11_v3,1934990,1935203,TTTTTTTT:56-63,TTTTT:114-118,TTTTTT:209-214,55A,113G,208A
Pf3D7_11_v3_1950401_1950636_1B,Pf3D7_11_v3,1950427,1950606,AAAAA:87-91,AAAAA:128-132,86G,127G
Pf3D7_11_v3_1950431_1950680_2,Pf3D7_11_v3,1950460,1950650,AAAAA:54-58,AAAAA:95-99,53G,94G
Pf3D7_11_v3_1968031_1968273_1B,Pf3D7_11_v3,1968064,1968242,AAAAAA:118-123,AAAAAA:145-150,117T,144T
Pf3D7_11_v3_1968050_1968296_2,Pf3D7_11_v3,1968083,1968268,AAAAAA:99-104,AAAAAA:126-131,98T,125T
Pf3D7_11_v3_2001721_2001954_1B,Pf3D7_11_v3,2001754,2001929,AAAAAA:74-79,TTTTT:169-173,73G,168C
Pf3D7_11_v3_2001725_2001999_2,Pf3D7_11_v3,2001758,2001969,AAAAAA:70-75,TTTTT:165-169,TTTTTTT:193-199,AAAAA:208-212,69G,164C,192G,207G
Pf3D7_11_v3_2001969_2002222_1B,Pf3D7_11_v3,2001999,2002198,AAAAA:3-7,AAAAAAAAA:38-46,2G,37G
Pf3D7_12_v3_63081_63314_1A,Pf3D7_12_v3,63114,63281,AAAAA:33-37,AAAAA:91-95,AAAAA:133-137,AAAAAAA:148-154,32T,90C,132C,147G
Pf3D7_12_v3_233418_233671_1A,Pf3D7_12_v3,233446,233639,AAAAA:3-7,TTTTTT:79-84,2C,78A
Pf3D7_12_v3_529495_529767_1A,Pf3D7_12_v3,529527,529735,AAAAA:42-46,AAAAA:195-199,41C,194T
Pf3D7_12_v3_659881_660127_1A,Pf3D7_12_v3,659903,660096,TTTTTTT:85-91,AAAAA:122-126,TTTTTTT:137-143,84G,121T,136A
Pf3D7_12_v3_684011_684240_1A,Pf3D7_12_v3,684044,684207,TTTTT:25-29,TTTTT:157-161,24A,156G
Pf3D7_12_v3_857050_857323_1A,Pf3D7_12_v3,857083,857293,AAAAAAAAAA:37-46,AAAAA:115-119,36G,114G
Pf3D7_12_v3_1959644_1959891_1A,Pf3D7_12_v3,1959669,1959858,AAAAA:181-185,180T
Pf3D7_12_v3_2092529_2092798_1B,Pf3D7_12_v3,2092559,2092765,GGGGG:9-13,CCCCC:57-61,8A,56T
Pf3D7_12_v3_2092654_2092884_2,Pf3D7_12_v3,2092683,2092852,AAAAAA:116-121,115G
Pf3D7_13_v3_146695_146934_1A,Pf3D7_13_v3,146725,146904,AAAAA:68-72,TTTTTT:78-83,67G,77A
Pf3D7_13_v3_156456_156685_1A,Pf3D7_13_v3,156487,156652,AAAAAA:43-48,42G
Pf3D7_13_v3_156713_156986_1A,Pf3D7_13_v3,156746,156956,TTTTTT:41-46,AAAAAAAAAAA:125-135,AAAAA:166-170,AAAAA:176-180,40C,124C,165C,175T
Pf3D7_13_v3_388138_388408_1A,Pf3D7_13_v3,388171,388378,TTTTT:128-132,127C
Pf3D7_13_v3_479569_479811_1A,Pf3D7_13_v3,479602,479778,AAAAA:71-75,AAAAA:86-90,AAAAA:92-96,AAAAAA:98-103,AAAAA:116-120,70G,85G,91G,97G,115G
Pf3D7_13_v3_748254_748510_1B,Pf3D7_13_v3,748287,748477,AAAAAAAA:7-14,TTTTT:83-87,TTTTTT:182-187,6C,82A,181A
Pf3D7_13_v3_815862_816091_1A,Pf3D7_13_v3,815895,816058,AAAAAA:67-72,TTTTTTT:92-98,TTTTT:112-116,AAAAA:128-132,66T,91C,111G,127T
Pf3D7_13_v3_852647_852921_1A,Pf3D7_13_v3,852680,852897,AAAAA:37-41,TTTTT:71-75,AAAAAA:85-90,TTTTT:110-114,AAAAAA:160-165,AAAAA:188-192,36G,70G,84T,109G,159T,187C
Pf3D7_13_v3_911757_912005_1A,Pf3D7_13_v3,911783,911974,TTTTTTT:67-73,AAAAAA:161-166,66A,160T
Pf3D7_13_v3_935613_935884_1A,Pf3D7_13_v3,935645,935858,AAAAAAAAA:70-78,AAAAAAAAAAA:157-167,TTTTTTTT:189-196,69T,156T,188C
Pf3D7_13_v3_958247_958510_1B,Pf3D7_13_v3,958276,958482,TTTTT:182-186,181A
Pf3D7_13_v3_1004740_1005002_1A,Pf3D7_13_v3,1004773,1004969,AAAAA:11-15,GGGGGG:52-57,TTTTT:146-150,TTTTTT:163-168,10T,51T,145A,162C
Pf3D7_13_v3_1041593_1041860_1AB,Pf3D7_13_v3,1041625,1041829,AAAAA:99-103,98T
Pf3D7_13_v3_1146764_1147010_1A,Pf3D7_13_v3,1146789,1146982,AAAAA:100-104,AAAAAAA:148-154,AAAAAA:184-189,99T,147C,183G
Pf3D7_13_v3_1233093_1233332_1A,Pf3D7_13_v3,1233118,1233299,TTTTT:17-21,AAAAAA:132-137,16A,131T
Pf3D7_13_v3_1265494_1265726_1A,Pf3D7_13_v3,1265527,1265694,AAAAA:19-23,18T
Pf3D7_13_v3_1350855_1351093_1A,Pf3D7_13_v3,1350888,1351062,TTTTTT:68-73,AAAAA:74-78,67A,73T
Pf3D7_13_v3_1406713_1406975_1A,Pf3D7_13_v3,1406746,1406947,TTTTT:42-46,TTTTTTTTT:64-72,TTTTTT:156-161,TTTTT:178-182,41A,63A,155C,177A
Pf3D7_13_v3_1419363_1419626_1A,Pf3D7_13_v3,1419396,1419601,TTTTT:1-5,TTTTTT:18-23,TTTTT:52-56,AAAAA:81-85,TTTTT:120-124,TTTTT:153-157,TTTTT:193-197,0,17A,51C,80T,119C,152G,192A
Pf3D7_13_v3_1465010_1465307_1B,Pf3D7_13_v3,1465036,1465280,TTTTTTTTT:76-84,75C
Pf3D7_13_v3_1465616_1465890_1A,Pf3D7_13_v3,1465639,1465870,TTTTT:37-41,TTTTT:186-190,36G,185C
Pf3D7_13_v3_1465901_1466157_1A,Pf3D7_13_v3,1465926,1466124,TTTTTT:21-26,AAAAA:131-135,20A,130C
Pf3D7_13_v3_1724895_1725166_1B,Pf3D7_13_v3,1724926,1725137,TTTTTTT:62-68,61A
Pf3D7_13_v3_1725124_1725365_2,Pf3D7_13_v3,1725152,1725336,TTTTTT:25-30,24A
Pf3D7_13_v3_1725208_1725471_1B,Pf3D7_13_v3,1725232,1725441,CCCCC:133-137,132T
Pf3D7_13_v3_1725379_1725652_2,Pf3D7_13_v3,1725404,1725620,AAAAA:110-114,TTTTTT:155-160,109C,154C
Pf3D7_13_v3_1725464_1725719_1B,Pf3D7_13_v3,1725494,1725694,AAAAA:20-24,TTTTTT:65-70,AAAAA:186-190,19C,64C,185T
Pf3D7_13_v3_1725713_1725955_1B,Pf3D7_13_v3,1725741,1725923,TTTTT:142-146,AAAAA:175-179,141C,174C
Pf3D7_13_v3_1725887_1726123_2,Pf3D7_13_v3,1725916,1726094,TTTTTTTTTT:62-71,TTTTT:85-89,TTTTT:105-109,TTTTT:111-115,AAAAA:154-158,61A,84A,104A,110C,153T
Pf3D7_13_v3_1726057_1726304_1B,Pf3D7_13_v3,1726090,1726271,TTTTT:24-28,TTTTTTT:30-36,TTTTT:109-113,23C,29C,108A
Pf3D7_13_v3_1726174_1726408_2,Pf3D7_13_v3,1726207,1726375,TTTTT:69-73,TTTTTT:97-102,68C,96C
Pf3D7_13_v3_1726723_1726995_1B,Pf3D7_13_v3,1726756,1726967,TTTTT:85-89,AAAAA:194-198,84A,193G
Pf3D7_13_v3_1876391_1876664_1A,Pf3D7_13_v3,1876422,1876636,TTTTTTTT:63-70,TTTTT:106-110,TTTTT:181-185,62C,105A,180G
Pf3D7_13_v3_2114242_2114482_1A,Pf3D7_13_v3,2114272,2114454,TTTTT:35-39,AAAAA:54-58,CCCCC:94-98,TTTTT:123-127,AAAAAA:139-144,34A,53C,93A,122C,138C
Pf3D7_13_v3_2114829_2115090_1A,Pf3D7_13_v3,2114855,2115057,AAAAA:15-19,AAAAAA:132-137,14T,131T
Pf3D7_13_v3_2504481_2504734_1B,Pf3D7_13_v3,2504514,2504701,AAAAA:85-89,AAAAAAAAA:170-178,84T,169G
Pf3D7_13_v3_2545065_2545291_1A,Pf3D7_13_v3,2545092,2545258,TTTTT:78-82,TTTTT:84-88,AAAAAA:89-94,TTTTT:120-124,77A,83A,88T,119A
Pf3D7_13_v3_2770591_2770863_2,Pf3D7_13_v3,2770623,2770830,TTTTT:41-45,AAAAAAAAA:46-54,GGGGG:182-186,AAAAA:193-197,40A,45T,181T,192T
Pf3D7_13_v3_2770621_2770854_1B,Pf3D7_13_v3,2770649,2770821,TTTTT:15-19,AAAAAAAAA:20-28,GGGGG:156-160,AAAAA:167-171,14A,19T,155T,166T
Pf3D7_13_v3_2780346_2780575_1B,Pf3D7_13_v3,2780367,2780542,TTTTTTT:63-69,TTTTT:78-82,AAAAAA:88-93,TTTTT:102-106,AAAAAA:107-112,TTTTTTTT:128-135,62A,77G,87T,101A,106T,127A
Pf3D7_13_v3_2814583_2814832_2,Pf3D7_13_v3,2814616,2814807,AAAAA:131-135,130C
Pf3D7_13_v3_2814606_2814855_1B,Pf3D7_13_v3,2814631,2814826,AAAAA:116-120,115C
Pf3D7_13_v3_2816310_2816554_1B,Pf3D7_13_v3,2816334,2816526,AAAAAA:129-134,AAAAA:181-185,128C,180T
Pf3D7_13_v3_2840447_2840746_2,Pf3D7_13_v3,2840474,2840721,TTTTT:60-64,TTTTT:101-105,AAAAAA:172-177,TTTTT:213-217,TTTTT:219-223,TTTTT:230-234,59A,100A,171T,212G,218A,229A
Pf3D7_13_v3_2840462_2840736_1B,Pf3D7_13_v3,2840495,2840703,TTTTT:39-43,TTTTT:80-84,AAAAAA:151-156,TTTTT:192-196,TTTTT:198-202,38A,79A,150T,191G,197A
Pf3D7_13_v3_2841390_2841688_1B2,Pf3D7_13_v3,2841411,2841661,TTTTT:38-42,AAAAA:80-84,AAAAA:87-91,AAAAA:98-102,AAAAA:106-110,TTTTT:174-178,37A,79T,86G,97T,105T,173A
Pf3D7_13_v3_2844334_2844629_1B2,Pf3D7_13_v3,2844355,2844599,TTTTTT:13-18,TTTTT:24-28,AAAAAAA:69-75,TTTTTTT:107-113,AAAAAAA:136-142,TTTTT:206-210,AAAAA:214-218,TTTTT:232-236,12G,23A,68T,106A,135T,205C,213T,231G
Pf3D7_14_v3_106867_107115_1A,Pf3D7_14_v3,106894,107084,AAAAA:24-28,AAAAA:56-60,TTTTT:65-69,AAAAA:167-171,23G,55G,64A,166T
Pf3D7_14_v3_120101_120365_1A,Pf3D7_14_v3,120134,120332,TTTTTTT:15-21,TTTTTTT:108-114,AAAAA:195-199,14A,107A,194T
Pf3D7_14_v3_137398_137668_1A,Pf3D7_14_v3,137431,137636,TTTTTT:124-129,TTTTTT:196-201,123A,195A
Pf3D7_14_v3_279563_279833_1A,Pf3D7_14_v3,279591,279800,TTTTT:4-8,AAAAA:191-195,3A,190C
Pf3D7_14_v3_283350_283576_1B,Pf3D7_14_v3,283381,283552,TTTTTT:30-35,AAAAA:52-56,29A,51C
Pf3D7_14_v3_283973_284211_1B,Pf3D7_14_v3,284006,284184,AAAAA:63-67,62C
Pf3D7_14_v3_288429_288696_1B,Pf3D7_14_v3,288462,288664,AAAAAA:27-32,AAAAA:34-38,AAAAAA:138-143,TTTTT:166-170,AAAAA:188-192,26C,33T,137T,165A,187C
Pf3D7_14_v3_289301_289550_1B,Pf3D7_14_v3,289329,289517,NA,NA
Pf3D7_14_v3_293575_293829_1B,Pf3D7_14_v3,293608,293796,AAAAAA:85-90,AAAAA:154-158,AAAAAA:169-174,84T,153T,168T
Pf3D7_14_v3_294506_294753_1B,Pf3D7_14_v3,294538,294730,NA,NA
Pf3D7_14_v3_294503_294768_2,Pf3D7_14_v3,294535,294741,NA,NA
Pf3D7_14_v3_297583_297856_1B,Pf3D7_14_v3,297616,297824,TTTTT:8-12,TTTTT:22-26,TTTTT:37-41,AAAAAA:155-160,TTTTT:184-188,AAAAAA:204-209,7G,21A,36G,154T,183C,203C
Pf3D7_14_v3_297935_298162_1B,Pf3D7_14_v3,297961,298129,AAAAA:39-43,AAAAA:65-69,AAAAA:76-80,38T,64C,75G
Pf3D7_14_v3_298368_298636_1B,Pf3D7_14_v3,298401,298603,AAAAAA:55-60,TTTTTT:112-117,54C,111A
Pf3D7_14_v3_377765_378020_1A,Pf3D7_14_v3,377798,377992,AAAAAA:55-60,AAAAA:103-107,54T,102T
Pf3D7_14_v3_407306_407542_1A,Pf3D7_14_v3,407339,407509,TTTTT:38-42,TTTTT:147-151,TTTTT:160-164,37C,146C,159A
Pf3D7_14_v3_421322_421547_1A,Pf3D7_14_v3,421355,421514,AAAAAA:22-27,21G
Pf3D7_14_v3_771407_771633_1A,Pf3D7_14_v3,771433,771601,TTTTTT:38-43,TTTTT:144-148,37A,143A
Pf3D7_14_v3_854128_854427_1B,Pf3D7_14_v3,854155,854394,AAAAAA:32-37,AAAAAAAAAAAAAAAAAA:41-58,TTTTTT:164-169,31T,40T,163A
Pf3D7_14_v3_860289_860542_1B,Pf3D7_14_v3,860315,860509,TTTTTTT:99-105,AAAAAAAA:120-127,98A,119G
Pf3D7_14_v3_860834_861066_1B,Pf3D7_14_v3,860866,861038,AAAAA:95-99,94T
Pf3D7_14_v3_921176_921432_1A,Pf3D7_14_v3,921209,921399,AAAAA:76-80,AAAAA:118-122,AAAAA:132-136,75T,117T,131T
Pf3D7_14_v3_1038300_1038538_1A,Pf3D7_14_v3,1038327,1038505,TTTTT:30-34,TTTTTT:76-81,AAAAA:93-97,TTTTT:116-120,AAAAA:145-149,29C,75C,92G,115C,144C
Pf3D7_14_v3_1166107_1166371_1A,Pf3D7_14_v3,1166135,1166338,TTTTTT:1-6,AAAAAAA:30-36,TTTTTT:66-71,TTTTTTT:90-96,AAAAAA:102-107,AAAAA:182-186,0,29T,65A,89A,101T,181G
Pf3D7_14_v3_1392837_1393086_1A,Pf3D7_14_v3,1392870,1393059,AAAAAA:53-58,TTTTTT:93-98,AAAAAA:185-190,52C,92A,184C
Pf3D7_14_v3_1954850_1955124_1B,Pf3D7_14_v3,1954882,1955099,TTTTT:100-104,TTTTTT:180-185,TTTTT:203-207,99A,179A,202C
Pf3D7_14_v3_1956056_1956330_1B,Pf3D7_14_v3,1956089,1956301,TTTTTTTT:6-13,TTTTT:27-31,AAAAA:100-104,5A,26A,99T
Pf3D7_14_v3_1956365_1956639_1B,Pf3D7_14_v3,1956396,1956609,AAAAA:37-41,AAAAAAAAA:51-59,TTTTTT:103-108,AAAAA:181-185,36T,50T,102C,180T
Pf3D7_14_v3_1957218_1957480_1B,Pf3D7_14_v3,1957251,1957447,TTTTT:154-158,153C
Pf3D7_14_v3_1992121_1992370_1A,Pf3D7_14_v3,1992154,1992347,TTTTT:63-67,TTTTTT:107-112,TTTTTTT:153-159,TTTTTTT:174-180,62C,106A,152A,173A
Pf3D7_14_v3_2004362_2004606_1A,Pf3D7_14_v3,2004395,2004574,TTTTT:27-31,TTTTT:45-49,26C,44A
Pf3D7_14_v3_2020604_2020849_1A,Pf3D7_14_v3,2020637,2020823,TTTTTT:67-72,AAAAA:128-132,66C,127T
Pf3D7_14_v3_2260533_2260765_1A,Pf3D7_14_v3,2260556,2260737,NA,NA
Pf3D7_14_v3_2355614_2355853_1A,Pf3D7_14_v3,2355646,2355820,AAAAA:45-49,AAAAAA:85-90,AAAAA:130-134,44G,84T,129T
Pf3D7_14_v3_2481033_2481276_1B,Pf3D7_14_v3,2481065,2481245,TTTTTTT:64-70,AAAAAA:89-94,TTTTT:142-146,63A,88T,141A
Pf3D7_14_v3_2695837_2696082_1A,Pf3D7_14_v3,2695870,2696052,NA,NA
Pf3D7_14_v3_2733345_2733593_1A,Pf3D7_14_v3,2733378,2733564,AAAAAA:17-22,AAAAA:71-75,AAAAA:172-176,16G,70G,171T
Pf3D7_14_v3_2858894_2859160_1A,Pf3D7_14_v3,2858926,2859127,AAAAAA:19-24,18T
Pf3D7_14_v3_3124416_3124655_1A,Pf3D7_14_v3,3124442,3124626,AAAAA:59-63,58G
Pf3D7_14_v3_3125801_3126073_1A,Pf3D7_14_v3,3125830,3126040,AAAAA:122-126,TTTTT:160-164,121G,159A
Pf3D7_14_v3_3214249_3214516_1A,Pf3D7_14_v3,3214282,3214486,AAAAAA:7-12,AAAAA:117-121,TTTTT:186-190,6T,116C,185C
PmUG01_12_v1_1397996_1398245_1AB,PmUG01_12_v1,1398021,1398213,TTTTTTT:89-95,88A
PocGH01_12_v1_1106456_1106697_1AB,PocGH01_12_v1,1106483,1106671,AAAAA:105-109,TTTTTTT:134-140,104C,133A
PvP01_12_v1_1184983_1185208_1AB,PvP01_12_v1,1185008,1185184,TTTTT:149-153,148C
